u_mag,g_mag,r_mag,i_mag,z_mag,redshift,petroR50_u,petroR50_r,class
16.623,17.323,17.657,17.817,17.931,0.000237,0.653,0.621,STAR
17.48,17.842,18.13,18.368,18.445,0.002174,0.526,0.542,STAR
16.026,16.324,16.453,16.597,16.821,0.001441,0.347,0.499,STAR
16.053,15.962,16.188,16.687,16.767,0.148539,1.343,2.794,GALAXY
17.263,17.359,17.631,17.874,17.968,1.046115,0.96,0.346,QSO
20.321,20.532,21.298,21.957,22.353,-0.002071,3.882,1.08,GALAXY
16.928,17.267,17.315,17.408,17.498,1.391432,1.011,0.598,QSO
21.508,21.779,22.908,23.168,23.296,0.15611,1.803,2.448,GALAXY
14.105,14.415,14.709,14.955,15.056,0.001895,0.455,0.6,STAR
17.183,17.69,17.777,17.878,17.965,0.000483,0.357,0.635,STAR
17.318,17.995,18.51,18.927,19.041,0.199188,3.876,1.326,GALAXY
16.914,17.407,17.589,17.955,17.974,0.001282,0.619,0.438,STAR
19.624,19.749,20.117,20.512,20.615,0.441354,2.247,1.866,GALAXY
19.126,19.503,19.402,19.621,19.796,0.001556,0.421,0.529,STAR
20.803,21.036,21.318,21.348,21.62,0.23274,1.376,3.183,GALAXY
19.094,19.856,19.936,20.209,20.536,0.568709,2.688,2.368,GALAXY
16.901,17.05,17.076,17.235,17.289,0.001801,0.44,0.416,STAR
16.698,16.93,17.133,17.288,17.336,2.074688,0.841,1.59,QSO
21.336,21.737,22.114,22.518,22.9,0.391683,2.394,2.824,GALAXY
18.71,18.937,19.032,19.065,19.114,3.437971,1.252,1.366,QSO
20.187,20.162,20.379,20.834,21.264,0.533494,3.51,1.41,GALAXY
14.663,15.053,15.275,15.386,15.531,2.263792,0.987,1.068,QSO
23.076,23.555,23.999,24.176,24.372,-0.0187,2.341,2.777,GALAXY
20.153,20.816,21.413,21.476,21.794,0.090353,2.705,2.695,GALAXY
16.026,16.418,16.742,17.143,17.308,0.521505,3.011,1.865,GALAXY
15.739,16.048,16.38,16.618,16.745,0.000302,0.477,0.568,STAR
18.538,18.825,19.48,19.389,19.897,0.533143,3.065,2.527,GALAXY
18.661,19.329,19.664,19.917,20.107,0.677946,3.253,2.546,GALAXY
19.822,19.919,20.131,20.27,20.275,0.001305,0.454,0.447,STAR
18.067,18.468,18.559,18.615,18.584,0.001631,0.508,0.58,STAR
22.883,23.618,23.922,24.273,24.547,0.306659,2.229,2.625,GALAXY
20.392,20.229,21.109,21.34,21.64,0.702322,2.775,2.884,GALAXY
22.521,23.365,23.763,23.725,23.809,0.387597,2.202,1.656,GALAXY
15.799,16.517,17.103,17.13,17.447,0.419032,3.115,2.026,GALAXY
18.262,18.882,19.786,20.273,20.685,0.262067,2.308,3.696,GALAXY
16.4,16.646,16.742,16.83,17.037,0.000105,0.711,0.636,STAR
17.557,18.041,18.24,18.535,18.618,0.381171,3.213,3.519,GALAXY
15.912,16.217,16.353,16.462,16.597,1.953903,1.037,0.871,QSO
18.385,18.657,18.881,19.174,19.377,0.000965,0.483,0.598,STAR
24.726,24.826,25.392,25.857,25.86,0.405155,2.619,1.543,GALAXY
19.916,20.248,20.614,20.806,20.9,0.017493,3.029,3.043,GALAXY
18.159,18.572,18.947,18.967,19.027,0.148182,1.964,2.502,GALAXY
20.625,21.568,21.733,22.194,22.262,0.54267,3.591,3.035,GALAXY
20.755,21.078,21.162,21.456,21.548,0.001499,0.401,0.644,STAR
19.861,20.477,20.782,21.504,21.528,0.212771,2.487,2.453,GALAXY
19.497,19.568,19.908,20.055,20.211,0.000373,0.472,0.697,STAR
16.805,17.084,17.181,17.381,17.459,0.000649,0.626,0.597,STAR
17.245,17.633,17.819,18.006,18.049,0.000784,0.607,0.406,STAR
15.978,16.14,16.246,16.301,16.371,0.000827,0.472,0.518,STAR
16.627,17.245,17.475,17.807,18.003,0.134702,1.987,2.653,GALAXY
18.999,20.157,20.4,20.496,20.793,0.368645,3.696,1.838,GALAXY
17.843,18.394,18.667,18.719,18.913,8.6e-05,0.687,0.593,STAR
18.958,19.549,19.618,19.658,19.693,0.001194,0.565,0.528,STAR
17.82,18.107,18.535,18.826,18.901,0.001089,0.412,0.445,STAR
19.111,19.591,19.673,19.799,19.96,0.001597,0.344,0.449,STAR
16.516,16.967,17.742,18.325,18.802,0.302909,3.2,2.356,GALAXY
20.097,20.422,21.031,21.395,21.482,0.309596,3.857,2.386,GALAXY
17.292,17.719,17.891,18.028,18.216,2.143528,0.447,0.837,QSO
16.667,16.821,17.151,17.495,17.63,0.000298,0.476,0.656,STAR
18.694,19.181,19.743,20.123,20.129,0.236206,2.27,1.73,GALAXY
17.909,18.116,18.27,18.381,18.41,0.001961,0.455,0.614,STAR
17.673,18.191,18.436,18.447,18.511,0.000674,0.515,0.231,STAR
20.865,21.431,21.813,22.2,22.207,0.132869,2.467,3.0,GALAXY
18.988,19.597,19.617,19.763,19.874,0.001213,0.491,0.498,STAR
21.063,21.549,22.461,22.934,23.27,0.488701,1.764,1.357,GALAXY
19.398,19.4,19.628,19.858,19.941,0.001596,0.651,0.607,STAR
17.667,18.091,18.485,18.675,18.782,0.001751,0.462,0.383,STAR
17.586,18.406,18.892,19.043,19.328,0.336185,3.482,3.071,GALAXY
15.701,15.66,15.723,15.719,15.84,0.000192,0.503,0.461,STAR
17.396,17.482,17.612,17.674,17.695,0.397013,1.232,1.01,QSO
18.847,18.868,19.202,19.041,18.972,0.314494,2.046,2.709,GALAXY
16.437,16.806,17.061,17.429,17.875,0.353898,3.312,3.376,GALAXY
14.35,14.79,14.964,15.275,15.236,0.001765,0.529,0.586,STAR
19.421,19.619,19.921,20.152,20.298,0.001095,0.384,0.583,STAR
18.083,18.123,18.346,18.489,18.732,0.000846,0.523,0.496,STAR
20.934,21.644,22.082,22.461,22.625,0.326559,1.482,2.266,GALAXY
21.371,21.683,21.969,22.2,22.581,0.360771,3.005,1.121,GALAXY
14.695,14.843,15.084,15.297,15.298,0.000556,0.487,0.513,STAR
16.889,17.133,17.144,17.237,17.234,0.001484,0.497,0.525,STAR
14.402,14.712,15.037,15.39,15.555,0.001486,0.51,0.372,STAR
16.014,16.28,16.551,16.621,16.606,0.00122,0.437,0.721,STAR
21.282,21.559,21.751,21.821,21.972,0.994459,0.604,0.552,QSO
15.647,16.414,16.827,17.327,17.377,0.167749,2.44,3.175,GALAXY
20.288,20.71,21.158,21.313,21.45,1.611371,1.357,0.551,QSO
16.781,17.565,17.451,17.707,18.017,0.396764,2.864,2.821,GALAXY
20.952,21.057,21.213,21.321,21.425,1.637046,0.971,1.177,QSO
18.124,18.269,18.496,18.666,18.778,0.001885,0.511,0.58,STAR
17.525,18.004,18.399,18.539,18.576,0.00041,0.524,0.479,STAR
20.102,20.604,20.736,21.085,21.371,0.097444,2.677,2.706,GALAXY
16.189,16.623,16.803,16.801,16.95,0.000997,0.44,0.505,STAR
20.066,20.751,21.061,21.037,21.084,0.00023,0.364,0.397,STAR
17.74,18.182,18.269,18.378,18.485,0.001091,0.475,0.387,STAR
18.404,18.71,18.862,18.852,19.004,0.429609,0.736,0.791,QSO
21.038,20.887,21.004,21.778,21.849,0.429373,3.27,3.543,GALAXY
15.507,15.636,15.82,16.011,16.115,0.000769,0.44,0.414,STAR
20.817,21.085,21.458,21.631,22.013,0.403641,2.771,1.796,GALAXY
17.884,18.228,18.36,18.591,18.669,0.001388,0.77,0.48,STAR
15.593,16.645,17.218,17.869,18.28,0.112701,2.503,2.409,GALAXY
18.049,18.262,18.347,18.521,18.589,0.001326,0.752,0.488,STAR
17.316,18.071,18.408,18.882,19.226,0.067656,2.528,3.588,GALAXY
24.392,24.651,25.073,25.236,25.623,0.642564,2.193,3.294,GALAXY
16.641,17.152,17.92,18.022,18.371,0.453121,1.746,2.55,GALAXY
15.3,15.89,15.949,16.102,16.141,0.001088,0.435,0.489,STAR
22.704,23.007,23.256,23.498,23.594,-0.374543,0.847,0.483,QSO
18.207,18.301,18.273,18.362,18.454,0.001391,0.509,0.55,STAR
14.186,14.354,14.619,14.742,14.68,0.001559,0.322,0.522,STAR
20.159,20.844,21.57,22.261,22.606,0.327251,3.164,2.109,GALAXY
19.04,18.949,19.2,19.196,19.261,0.943131,0.955,1.019,QSO
19.69,19.731,19.833,19.977,20.138,0.000865,0.514,0.563,STAR
18.128,18.33,18.328,18.462,18.378,0.001091,0.657,0.476,STAR
17.755,18.085,18.134,18.261,18.327,-0.22999,1.316,0.876,QSO
17.76,18.204,18.287,18.334,18.361,1.769473,1.104,1.122,QSO
18.71,19.4,19.622,20.081,20.285,0.732171,2.022,2.055,GALAXY
22.75,23.226,23.718,24.196,24.494,0.293226,0.885,2.039,GALAXY
21.586,21.878,21.835,21.987,22.05,2.588912,1.277,0.983,QSO
17.118,17.321,17.598,17.916,18.254,0.001004,0.42,0.408,STAR
18.678,19.311,19.66,19.944,20.17,0.334305,1.763,2.125,GALAXY
16.952,17.431,17.629,17.685,17.685,0.000466,0.504,0.566,STAR
18.681,19.203,19.34,19.54,19.526,0.001058,0.546,0.351,STAR
22.975,23.502,23.945,24.276,24.392,0.200422,3.202,3.271,GALAXY
18.953,19.139,19.132,19.412,19.615,0.317189,2.592,2.842,GALAXY
17.933,18.468,18.812,18.949,19.055,0.001145,0.356,0.398,STAR
18.114,18.467,18.853,19.012,19.1,0.471713,2.285,1.771,GALAXY
16.417,16.775,17.041,17.229,17.204,0.000255,0.451,0.478,STAR
16.649,16.727,16.727,16.825,16.848,1.05589,0.952,1.413,QSO
21.459,21.776,22.04,22.249,22.489,0.220334,3.578,2.87,GALAXY
20.104,20.552,20.587,20.684,20.727,0.000543,0.712,0.46,STAR
18.054,18.29,18.862,19.0,19.256,0.000432,0.401,0.46,STAR
20.87,21.183,21.229,21.288,21.369,1.897789,1.147,1.328,QSO
19.65,19.809,19.768,19.868,19.873,0.002007,0.558,0.495,STAR
19.361,19.809,20.7,20.928,21.048,0.017562,3.298,1.822,GALAXY
18.76,19.456,19.922,20.078,20.244,0.392335,2.873,1.671,GALAXY
16.239,16.604,17.873,18.228,18.686,0.039091,3.206,1.769,GALAXY
21.994,21.76,21.969,22.47,22.661,0.650204,3.098,2.158,GALAXY
22.402,23.044,23.316,23.599,23.897,0.052988,3.731,0.705,GALAXY
18.072,18.291,18.457,18.426,18.489,0.001218,0.466,0.398,STAR
18.31,18.923,19.36,19.815,20.348,0.215214,3.251,1.851,GALAXY
16.004,16.253,16.365,16.403,16.441,0.001078,0.561,0.56,STAR
19.82,19.953,20.044,20.218,20.389,1.515974,1.579,1.215,QSO
20.506,21.37,21.99,22.285,22.688,0.539533,2.795,2.916,GALAXY
15.147,15.382,15.604,15.544,15.385,0.132777,3.268,4.24,GALAXY
15.93,16.41,17.03,17.15,17.287,0.462279,2.41,3.183,GALAXY
21.897,22.117,22.275,22.388,22.39,1.779334,0.554,0.954,QSO
18.077,18.496,18.725,18.959,19.018,0.922416,1.186,1.337,QSO
23.884,24.703,24.855,24.895,25.252,0.42856,3.075,3.012,GALAXY
19.915,20.218,20.347,20.639,20.65,2.173303,1.733,1.158,QSO
18.212,18.459,18.879,19.087,19.37,-0.180844,2.724,2.666,GALAXY
18.479,18.975,19.184,19.573,19.875,0.088372,2.211,3.483,GALAXY
17.445,17.592,17.964,18.198,18.258,0.002217,0.312,0.53,STAR
20.471,20.35,20.577,21.088,21.034,0.279262,3.336,2.248,GALAXY
17.089,17.347,17.577,17.71,17.925,-0.00025,0.433,0.398,STAR
20.293,20.848,21.594,21.838,22.328,0.189325,2.856,2.152,GALAXY
21.684,22.33,22.257,22.631,22.791,0.383445,2.029,3.076,GALAXY
18.995,19.467,20.214,20.606,20.7,0.670758,1.604,2.343,GALAXY
17.046,17.23,17.394,17.535,17.717,0.001027,0.417,0.501,STAR
18.334,18.629,18.541,18.704,18.714,0.414585,2.738,2.212,GALAXY
16.871,17.355,17.537,17.749,17.776,0.00147,0.603,0.653,STAR
16.799,16.734,16.893,16.996,17.082,0.001333,0.704,0.432,STAR
18.356,18.593,18.664,19.096,19.371,0.560441,1.93,2.93,GALAXY
18.108,19.047,19.313,19.691,19.995,0.223359,2.556,3.354,GALAXY
17.404,17.637,17.856,17.985,18.04,0.001062,0.401,0.598,STAR
18.61,18.759,18.897,18.922,18.955,0.911921,0.369,0.63,QSO
20.194,20.633,20.558,20.522,20.663,0.000568,0.574,0.689,STAR
15.386,16.727,16.999,17.428,17.464,0.21171,0.915,1.375,GALAXY
16.949,17.284,17.301,17.378,17.474,1.743633,1.309,1.195,QSO
21.024,21.238,21.513,21.792,22.106,0.503337,3.231,3.093,GALAXY
21.024,21.416,21.218,21.246,21.372,0.27992,2.989,3.415,GALAXY
19.937,20.024,20.087,20.323,20.419,2.012345,0.998,0.859,QSO
18.985,19.731,20.206,20.781,21.115,0.23518,1.733,3.239,GALAXY
19.421,20.301,20.619,20.563,20.611,0.162161,3.114,2.85,GALAXY
16.296,16.491,17.035,17.166,17.075,0.001138,0.486,0.437,STAR
18.546,18.807,18.991,19.032,19.063,1.177561,0.838,1.149,QSO
18.277,18.687,18.773,18.903,19.088,0.652048,0.777,0.686,QSO
17.313,17.724,17.83,17.99,18.101,-0.000124,0.574,0.444,STAR
20.613,21.471,21.577,22.061,22.713,0.270124,2.632,2.207,GALAXY
23.307,23.304,23.698,23.834,23.895,0.351271,3.721,2.72,GALAXY
20.412,20.947,21.46,21.753,21.946,0.364283,1.113,1.222,GALAXY
16.477,16.792,17.356,17.822,18.153,0.301246,2.012,1.858,GALAXY
20.328,20.599,20.816,20.884,20.96,1.336768,0.802,1.25,QSO
19.581,20.014,19.903,19.91,19.968,0.001089,0.464,0.492,STAR
19.729,20.204,20.682,20.801,21.13,0.332123,3.236,3.045,GALAXY
17.824,18.211,18.422,18.558,18.812,0.001053,0.436,0.505,STAR
18.311,18.517,19.175,19.417,19.468,0.106051,3.192,2.715,GALAXY
20.899,21.118,21.182,21.604,21.805,0.208335,2.864,2.325,GALAXY
20.525,21.057,21.656,22.043,22.187,0.500114,2.975,2.501,GALAXY
20.618,21.059,21.538,21.985,22.125,0.318803,2.373,1.13,GALAXY
17.922,18.051,18.443,18.489,18.557,0.000695,0.402,0.625,STAR
16.247,16.265,16.58,16.453,16.467,0.894155,0.994,1.135,QSO
20.257,20.398,20.638,20.598,20.743,0.480977,2.523,2.181,GALAXY
15.344,15.676,15.883,16.008,16.095,0.000821,0.41,0.344,STAR
17.128,17.563,17.798,18.014,18.17,0.001739,0.465,0.446,STAR
17.354,17.647,18.063,18.187,18.323,0.000458,0.626,0.606,STAR
18.806,19.308,19.792,20.415,20.449,0.171605,2.78,2.904,GALAXY
19.506,19.596,19.685,19.602,19.7,0.461788,1.528,1.09,QSO
15.233,15.207,15.312,15.557,15.544,0.000793,0.447,0.6,STAR
15.174,15.696,15.863,15.993,16.081,0.00095,0.47,0.48,STAR
17.229,17.229,17.594,17.706,17.74,0.000917,0.523,0.686,STAR
19.941,20.595,21.124,21.488,21.823,0.307344,4.654,3.843,GALAXY
21.44,22.197,22.327,22.734,22.734,0.560044,2.035,2.243,GALAXY
18.442,18.655,19.08,19.418,19.635,-0.047138,2.97,1.126,GALAXY
17.798,17.981,18.117,18.147,18.25,-0.005601,0.781,1.356,QSO
19.137,19.442,19.711,20.167,20.349,0.040274,1.949,3.535,GALAXY
19.511,19.697,20.502,21.031,21.241,0.173878,2.182,2.067,GALAXY
17.282,17.352,17.503,17.681,17.7,0.050364,0.852,0.588,QSO
17.134,17.374,17.941,18.079,18.184,0.000471,0.477,0.568,STAR
23.492,23.773,23.996,24.128,24.166,0.178464,1.81,1.491,QSO
20.474,21.461,22.023,22.741,22.89,0.118546,2.695,4.305,GALAXY
18.076,17.9,18.132,18.237,18.288,0.000529,0.575,0.676,STAR
17.728,18.251,18.697,18.55,18.616,0.590007,2.873,3.269,GALAXY
16.444,16.75,16.927,17.056,17.177,0.001047,0.489,0.56,STAR
17.896,18.23,18.268,18.426,18.509,0.000842,0.433,0.604,STAR
17.183,17.404,17.529,17.534,17.756,0.000581,0.387,0.507,STAR
17.337,17.598,18.006,18.387,18.329,0.352908,1.979,3.211,GALAXY
16.937,16.517,16.453,16.973,16.902,0.286079,2.894,2.624,GALAXY
17.099,17.935,18.622,19.138,19.005,0.184139,2.809,2.118,GALAXY
17.225,17.534,17.923,18.095,17.951,0.62828,2.675,1.791,GALAXY
17.534,17.984,18.215,18.494,18.731,0.000535,0.577,0.412,STAR
19.839,19.919,20.121,20.581,20.948,0.399003,3.151,2.033,GALAXY
17.084,17.247,17.936,18.195,18.224,0.500429,3.514,3.392,GALAXY
19.083,19.206,19.48,19.526,19.671,0.000994,0.42,0.448,STAR
23.298,23.64,23.905,24.18,24.464,0.432843,2.489,1.98,GALAXY
18.23,18.379,18.179,18.311,18.46,0.001215,0.383,0.63,STAR
17.746,18.235,18.324,18.526,18.767,0.001119,0.308,0.543,STAR
16.975,17.405,17.498,17.576,17.705,0.803111,0.92,0.983,QSO
22.261,23.343,23.8,23.794,24.004,0.053211,1.573,1.945,GALAXY
20.5,20.97,21.469,21.898,22.377,0.624887,3.268,1.554,GALAXY
19.558,19.494,19.824,20.117,20.185,0.000885,0.537,0.449,STAR
16.725,16.897,17.022,17.127,17.178,0.83226,0.82,1.359,QSO
17.7,18.197,18.312,18.429,18.447,3.006231,0.781,0.358,QSO
21.479,21.73,22.155,22.471,22.592,-0.084942,3.162,1.707,GALAXY
16.418,16.874,17.022,17.152,17.254,0.000647,0.489,0.402,STAR
19.989,20.661,21.337,21.601,21.923,0.707172,3.777,3.673,GALAXY
20.085,20.251,20.622,20.961,21.394,0.364743,2.019,0.964,GALAXY
21.509,21.752,22.061,22.244,22.324,0.000872,0.612,0.57,STAR
15.191,15.636,15.471,15.827,15.967,0.001495,0.513,0.542,STAR
16.186,16.242,16.272,16.423,16.441,0.001717,0.458,0.302,STAR
16.617,17.008,17.21,17.35,17.438,1.511638,0.633,0.78,QSO
17.249,17.276,17.327,17.338,17.426,1.970959,0.616,0.704,QSO
17.336,18.204,18.668,18.758,19.016,0.779003,1.614,2.395,GALAXY
21.343,21.297,21.371,21.497,21.522,1.608957,0.802,1.053,QSO
21.128,21.411,21.593,21.898,22.051,0.036556,2.126,2.645,GALAXY
22.469,23.015,23.2,23.562,23.693,0.516598,2.244,2.736,GALAXY
18.112,18.463,18.772,18.833,18.86,-0.000232,0.555,0.413,STAR
15.839,15.845,16.138,16.264,16.479,0.001002,0.539,0.528,STAR
21.956,22.211,22.51,22.565,22.637,0.283357,3.313,2.713,GALAXY
16.699,17.316,17.431,17.523,17.61,0.001522,0.639,0.426,STAR
15.701,15.823,16.203,16.435,16.495,0.001824,0.49,0.503,STAR
18.664,19.57,20.201,20.785,20.974,0.10215,3.425,1.616,GALAXY
13.339,13.666,13.789,13.848,13.949,0.000182,0.516,0.349,STAR
20.256,20.792,20.948,21.326,21.467,0.606133,3.208,1.907,GALAXY
16.543,16.43,16.779,17.06,17.114,0.0007,0.385,0.467,STAR
18.231,19.034,19.573,19.599,19.987,0.829199,2.016,3.041,GALAXY
16.195,16.755,16.928,16.948,17.112,0.001385,0.454,0.273,STAR
18.728,19.452,20.138,20.176,20.025,0.321321,1.027,3.272,GALAXY
13.492,13.956,14.331,14.44,14.493,0.000867,0.473,0.476,STAR
18.825,19.516,19.792,19.952,20.053,-0.050826,2.932,2.666,GALAXY
20.705,21.391,21.884,22.161,22.415,0.171838,2.741,2.921,GALAXY
20.3,20.599,20.67,20.851,21.016,0.000508,0.417,0.538,STAR
19.973,20.05,20.263,20.377,20.383,1.620131,0.748,1.481,QSO
17.205,17.668,17.778,17.979,18.113,0.001319,0.455,0.614,STAR
19.446,19.716,19.805,19.893,19.968,1.429824,0.742,0.983,QSO
18.597,19.327,19.449,19.8,19.743,-0.215854,4.303,3.499,GALAXY
19.446,20.112,20.425,20.763,21.17,0.593162,1.538,3.347,GALAXY
18.068,18.509,18.683,18.784,19.005,0.000415,0.529,0.687,STAR
23.166,23.463,23.744,24.375,24.483,0.328389,2.696,3.092,GALAXY
18.244,18.554,18.965,18.798,19.064,0.265929,3.571,2.288,GALAXY
17.412,17.749,17.728,17.859,17.947,0.000796,0.53,0.395,STAR
15.787,16.206,16.226,16.381,16.626,0.001177,0.524,0.449,STAR
17.046,17.059,17.344,17.608,17.795,0.000474,0.491,0.472,STAR
21.608,21.886,22.049,22.442,22.535,0.199982,1.613,2.642,GALAXY
17.787,18.053,17.91,18.112,18.265,0.000948,0.435,0.586,STAR
18.357,18.429,18.747,18.819,18.917,0.001391,0.485,0.397,STAR
20.001,20.13,20.627,21.071,21.25,0.362919,2.596,1.039,GALAXY
18.575,19.039,19.125,19.227,19.197,0.000813,0.573,0.391,STAR
19.227,19.259,19.509,19.549,19.644,1.88826,1.55,0.943,QSO
17.157,17.515,17.805,17.968,18.111,0.000617,0.486,0.494,STAR
17.588,17.861,17.866,18.303,18.533,0.557512,2.508,3.199,GALAXY
14.271,14.574,14.804,14.981,15.165,0.000807,0.511,0.463,STAR
16.023,16.151,16.667,16.637,16.935,0.000782,0.487,0.393,STAR
18.009,18.797,18.798,19.009,19.215,0.001213,0.457,0.372,STAR
19.125,19.678,19.96,20.34,20.558,0.243654,2.42,2.424,GALAXY
19.352,20.031,20.239,20.58,21.037,0.498167,3.159,2.321,GALAXY
22.931,23.366,23.503,23.987,24.191,0.026034,2.798,2.852,GALAXY
19.116,18.934,19.736,20.093,20.428,0.208564,2.801,2.771,GALAXY
19.038,18.922,19.166,19.369,19.346,0.001242,0.418,0.348,STAR
15.497,15.968,16.994,17.217,17.399,0.239953,1.552,2.761,GALAXY
19.937,20.28,20.634,20.935,20.988,0.000965,0.392,0.357,STAR
20.67,21.355,21.36,21.546,21.655,0.001378,0.514,0.508,STAR
19.759,20.037,20.372,20.426,20.478,1.314377,0.552,0.872,QSO
16.566,17.248,17.68,17.792,17.892,0.001522,0.476,0.351,STAR
19.944,20.437,20.547,20.464,20.665,0.173133,2.707,3.052,GALAXY
19.122,19.712,20.247,20.187,20.281,0.000563,0.531,0.638,STAR
17.701,18.621,18.986,19.187,19.537,0.197014,1.693,2.283,GALAXY
20.21,20.758,21.002,21.366,21.387,0.437012,1.98,2.694,GALAXY
17.623,18.069,18.502,18.608,18.691,0.001259,0.605,0.646,STAR
15.54,15.835,15.782,16.019,16.177,0.000449,0.532,0.501,STAR
17.333,17.369,17.481,17.579,17.643,0.612212,1.093,0.885,QSO
18.329,18.626,18.754,18.932,19.114,0.001813,0.389,0.597,STAR
17.815,18.219,18.308,18.515,18.615,0.000608,0.51,0.674,STAR
17.488,17.928,18.292,18.507,18.495,0.708494,1.756,2.059,GALAXY
18.104,18.461,18.795,18.961,19.087,0.000141,0.439,0.324,STAR
20.541,21.063,21.339,21.495,21.489,0.000609,0.622,0.673,STAR
17.194,17.626,17.576,17.805,17.829,0.001467,0.757,0.515,STAR
17.881,18.168,18.293,18.461,18.475,0.001187,0.499,0.396,STAR
16.451,16.752,16.935,17.155,17.194,0.001114,0.3,0.644,STAR
20.729,20.829,21.244,21.707,21.745,0.246528,2.325,3.26,GALAXY
19.054,19.23,19.331,19.607,19.752,0.493483,2.227,2.425,GALAXY
19.66,20.045,19.978,19.993,20.137,0.29498,1.516,0.717,QSO
18.852,19.013,19.212,19.346,19.367,1.134384,1.772,0.523,QSO
16.962,17.016,17.07,17.342,17.359,1.425734,0.904,0.902,QSO
19.038,19.24,19.344,19.459,19.595,0.000663,0.507,0.471,STAR
15.589,15.903,15.917,16.144,16.219,0.001491,0.356,0.585,STAR
17.366,17.522,17.457,17.636,17.804,0.00133,0.358,0.603,STAR
20.592,20.874,21.571,22.0,22.299,0.08828,3.91,2.531,GALAXY
19.149,19.355,19.506,19.635,19.711,0.000138,0.595,0.379,STAR
20.157,20.733,21.387,21.816,21.707,0.652006,-0.709,3.311,GALAXY
14.707,15.169,15.453,15.503,15.593,0.000587,0.485,0.32,STAR
22.0,22.632,22.927,23.423,23.437,0.421787,1.787,1.112,GALAXY
17.537,17.619,17.66,17.663,17.658,0.830939,0.773,0.937,QSO
16.304,16.789,17.162,17.272,17.318,-7e-05,0.338,0.548,STAR
18.496,18.674,18.826,18.895,19.048,0.31252,0.422,1.0,QSO
17.27,17.685,17.509,17.525,17.713,0.001093,0.447,0.497,STAR
22.161,22.563,22.987,23.133,23.573,0.076378,1.923,1.119,GALAXY
17.249,17.176,17.54,17.818,18.017,0.001781,0.443,0.338,STAR
16.86,16.863,18.01,18.482,18.408,0.594607,1.574,3.713,GALAXY
18.025,18.102,17.974,18.289,18.361,0.001298,0.251,0.498,STAR
23.255,24.177,24.895,25.027,25.302,0.343828,2.966,1.875,GALAXY
20.006,20.577,21.067,21.219,21.699,0.274641,2.502,2.251,GALAXY
16.433,16.415,16.733,16.893,16.872,0.00186,0.481,0.564,STAR
18.721,19.211,19.378,19.432,19.684,0.000316,0.542,0.437,STAR
17.067,17.273,17.304,17.538,17.848,0.475482,1.887,1.915,GALAXY
16.788,16.883,17.315,17.522,17.845,0.000851,0.391,0.481,STAR
18.204,18.635,18.961,19.095,19.314,0.121693,2.714,2.037,GALAXY
17.644,18.071,18.284,18.743,18.763,0.001622,0.377,0.525,STAR
21.453,22.203,22.043,22.275,22.478,0.427285,0.857,3.736,GALAXY
17.46,17.617,17.864,17.878,18.156,0.379675,2.715,1.444,GALAXY
16.489,17.338,17.432,17.734,17.994,-0.126145,3.509,3.092,GALAXY
15.288,15.42,15.438,15.373,15.549,0.001099,0.487,0.662,STAR
22.437,23.222,23.603,23.826,24.049,-0.041338,2.375,3.149,GALAXY
19.427,19.728,19.892,19.721,19.78,1.001625,1.36,1.268,QSO
16.157,15.842,16.242,16.318,16.466,0.001708,0.333,0.484,STAR
17.561,17.639,18.009,18.075,18.319,0.000538,0.655,0.438,STAR
19.855,20.087,20.675,20.859,21.17,0.247943,2.763,2.913,GALAXY
20.881,21.215,22.015,22.034,22.151,0.843672,1.415,2.98,GALAXY
20.576,21.111,21.347,21.476,21.681,0.123463,2.8,2.493,GALAXY
18.456,18.735,18.979,19.14,19.196,0.001478,0.624,0.348,STAR
16.456,16.79,17.263,17.545,17.713,0.50204,3.915,3.329,GALAXY
19.304,20.207,20.752,21.145,21.231,0.386467,3.323,2.098,GALAXY
17.668,18.108,18.172,18.33,18.36,0.001251,0.61,0.511,STAR
21.913,22.282,22.841,23.148,23.47,0.268436,2.509,2.481,GALAXY
18.021,18.439,18.74,18.731,18.758,0.007387,2.188,3.631,GALAXY
20.843,21.343,21.351,21.724,22.029,0.510321,2.952,2.448,GALAXY
20.934,21.197,21.495,22.112,22.365,0.496545,2.212,2.949,GALAXY
21.52,22.393,22.772,23.106,23.422,0.575858,2.282,2.996,GALAXY
15.939,16.535,17.179,17.359,17.461,0.826378,2.362,3.141,GALAXY
14.951,15.276,15.446,15.612,15.731,0.002044,0.653,0.475,STAR
18.032,18.06,18.486,18.981,19.159,0.101728,2.558,2.912,GALAXY
20.98,21.08,21.316,21.603,21.607,0.000322,0.51,0.415,STAR
20.733,21.328,21.977,22.399,22.664,0.278303,3.099,2.577,GALAXY
22.857,23.288,23.466,23.452,23.547,0.294013,2.555,3.175,GALAXY
17.767,17.886,18.088,18.144,18.272,0.001019,0.671,0.627,STAR
21.399,22.234,22.903,23.138,23.291,0.701075,3.462,3.188,GALAXY
21.431,22.299,23.208,23.172,23.372,0.319845,4.826,3.157,GALAXY
17.024,16.938,17.065,17.3,17.453,0.001752,0.451,0.323,STAR
17.785,17.943,17.839,17.868,17.994,0.000803,0.561,0.52,STAR
17.248,17.693,17.786,17.954,18.1,0.000665,0.567,0.501,STAR
17.092,17.362,17.377,17.571,17.617,0.000834,0.405,0.594,STAR
15.386,15.488,16.042,16.676,16.905,0.594314,3.591,1.979,GALAXY
15.588,15.839,16.142,16.21,16.297,0.001001,0.552,0.492,STAR
19.276,19.577,19.929,19.936,19.98,1.043332,1.098,1.077,QSO
14.305,15.356,15.651,16.124,16.108,0.304573,2.565,3.183,GALAXY
19.526,19.827,20.045,20.083,20.087,0.001506,0.465,0.499,STAR
16.732,16.839,17.083,17.346,17.391,0.001206,0.585,0.585,STAR
21.252,22.04,22.729,22.978,23.159,0.48001,2.925,2.586,GALAXY
21.592,22.027,22.202,22.268,22.198,0.481458,3.06,3.417,GALAXY
18.024,18.596,19.123,19.526,19.751,0.150286,2.805,2.971,GALAXY
16.646,17.081,17.576,18.029,18.323,0.164363,3.241,2.051,GALAXY
16.721,16.911,17.096,17.096,17.176,1.751042,0.775,0.977,QSO
17.401,17.751,18.113,18.297,18.425,0.00085,0.575,0.41,STAR
17.339,17.792,17.935,18.139,18.319,0.001448,0.596,0.562,STAR
17.76,17.728,18.021,18.284,18.27,0.000847,0.598,0.373,STAR
18.069,18.123,18.216,18.425,18.618,0.000435,0.606,0.7,STAR
21.375,21.953,22.532,23.124,23.309,-0.119193,3.783,3.012,GALAXY
17.005,17.346,17.421,17.431,17.505,2.517725,1.301,0.758,QSO
23.716,23.984,24.271,24.264,24.38,1.532862,0.85,0.891,QSO
20.792,21.735,21.976,22.346,22.766,0.474234,3.538,1.242,GALAXY
23.884,23.865,24.217,24.794,25.119,0.384503,3.699,1.959,GALAXY
16.911,17.158,17.404,17.487,17.574,0.000845,0.609,0.545,STAR
20.396,20.7,20.785,20.835,20.842,0.629155,0.73,0.978,QSO
17.242,17.544,17.641,17.738,17.971,0.001396,0.63,0.524,STAR
15.237,15.504,15.721,15.916,16.022,0.001189,0.458,0.488,STAR
17.689,17.966,18.103,18.291,18.478,0.001662,0.467,0.313,STAR
18.974,19.119,19.281,19.378,19.487,1.208263,0.967,1.072,QSO
18.164,18.107,18.152,18.36,18.46,1.036794,0.937,2.078,QSO
15.838,16.228,16.267,16.342,16.373,0.000638,0.506,0.319,STAR
16.863,17.469,17.677,17.797,17.994,0.001003,0.4,0.455,STAR
22.085,22.894,23.014,23.235,23.406,-0.011417,3.481,1.473,GALAXY
17.064,17.671,17.737,17.934,18.019,0.001526,0.591,0.325,STAR
16.817,17.282,17.381,17.523,17.593,0.001637,0.472,0.638,STAR
17.24,18.21,18.8,18.675,18.685,0.331317,2.519,3.489,GALAXY
21.797,22.063,22.345,22.368,22.551,1.170064,0.455,0.91,QSO
20.627,20.662,20.786,20.886,20.985,1.533675,1.201,1.056,QSO
17.996,18.058,18.097,18.302,18.392,1.908044,0.584,0.808,QSO
16.728,17.355,17.29,17.492,17.681,0.001024,0.537,0.403,STAR
18.762,18.941,19.322,19.761,20.027,0.481513,3.143,2.654,GALAXY
22.947,22.996,23.444,23.708,23.818,0.082561,2.954,1.819,GALAXY
16.978,17.519,17.541,17.698,17.812,0.001075,0.547,0.389,STAR
18.521,18.847,19.526,19.765,19.93,0.001804,0.473,0.542,STAR
20.569,21.347,21.498,21.609,21.796,0.001133,0.647,0.506,STAR
19.681,19.677,20.224,20.551,20.991,0.277245,3.299,2.183,GALAXY
16.345,16.512,16.641,16.628,16.667,0.0002,0.472,0.623,STAR
17.7,17.98,18.023,18.054,18.064,0.001957,0.409,0.612,STAR
18.406,18.678,18.77,19.036,19.2,0.001518,0.644,0.66,STAR
19.1,19.764,19.895,20.09,20.397,0.001108,0.446,0.414,STAR
19.852,19.883,20.216,20.272,20.311,0.553051,1.055,0.769,QSO
17.829,18.228,18.528,18.635,18.797,2.574376,1.259,0.999,QSO
21.375,21.56,22.546,22.672,23.017,0.547766,2.938,1.15,GALAXY
17.03,17.385,17.774,17.949,18.013,0.348086,3.671,0.962,GALAXY
19.437,19.868,20.281,20.495,20.763,0.001005,0.464,0.393,STAR
18.032,18.237,18.426,18.719,18.775,0.000694,0.535,0.413,STAR
16.846,17.068,16.963,17.128,17.162,0.001113,0.657,0.468,STAR
17.749,17.543,17.746,17.824,18.003,1.738467,0.618,0.783,QSO
14.234,14.624,15.457,15.689,15.736,-0.238734,3.271,1.908,GALAXY
15.832,16.185,16.298,16.424,16.534,0.001126,0.691,0.684,STAR
16.717,17.046,17.799,17.923,17.923,0.18032,2.359,3.51,GALAXY
12.83,13.487,14.024,14.087,14.132,0.441347,3.44,3.162,GALAXY
18.269,18.47,18.628,18.631,18.709,0.984574,1.038,1.406,QSO
19.873,20.145,20.293,20.498,20.643,0.967159,0.606,1.095,QSO
18.452,18.619,18.761,18.864,18.935,0.000132,0.448,0.658,STAR
17.858,18.259,18.667,18.759,18.787,0.001911,0.58,0.574,STAR
17.053,17.124,17.383,17.455,17.618,0.001323,0.506,0.384,STAR
19.959,20.298,20.912,21.016,20.998,0.168966,4.229,3.544,GALAXY
19.679,19.686,20.165,20.177,20.296,0.00083,0.646,0.333,STAR
16.585,16.625,16.869,17.166,17.197,0.001327,0.289,0.445,STAR
16.35,16.717,16.828,16.838,16.938,1.135359,0.833,1.631,QSO
19.007,19.17,19.187,19.326,19.324,0.00098,0.299,0.59,STAR
20.992,21.27,21.658,21.902,22.028,0.001307,0.573,0.452,STAR
17.587,17.847,18.102,18.209,18.259,1.508732,1.189,0.892,QSO
19.954,20.395,20.768,20.787,20.94,0.000886,0.475,0.486,STAR
19.739,20.486,21.231,21.516,21.601,0.361327,2.246,3.635,GALAXY
21.406,21.78,22.217,22.423,22.502,0.439101,3.243,2.362,GALAXY
18.098,18.215,18.242,18.396,18.519,3.103612,1.364,1.279,QSO
18.417,18.834,18.733,19.151,19.519,-0.100458,2.314,2.777,GALAXY
21.5,22.198,22.986,23.304,23.468,0.490941,1.549,2.022,GALAXY
21.777,22.302,22.419,23.026,22.943,-0.002376,1.368,2.171,GALAXY
17.539,17.459,17.925,17.973,18.152,0.28834,3.643,1.757,GALAXY
16.196,16.539,16.941,16.986,17.081,1.847545,0.959,1.035,QSO
20.211,20.494,20.84,21.305,21.349,0.21388,2.369,1.751,GALAXY
20.486,20.7,21.388,21.745,21.949,0.239747,1.502,2.659,GALAXY
18.984,19.089,19.373,19.286,19.281,0.00073,0.695,0.545,STAR
19.616,20.071,20.717,20.929,21.249,0.72427,3.757,2.454,GALAXY
20.051,20.374,20.468,20.433,20.494,0.628232,1.002,1.178,QSO
20.887,21.153,21.52,21.894,22.137,0.196698,3.082,3.096,GALAXY
22.939,23.123,23.79,24.4,24.625,0.03253,2.22,3.131,GALAXY
16.326,16.65,16.815,16.999,16.91,0.001369,0.529,0.466,STAR
18.283,18.21,18.382,18.308,18.477,0.001332,0.445,0.469,STAR
21.827,22.332,22.532,22.805,23.096,0.546426,4.227,2.777,GALAXY
16.496,16.713,17.061,17.264,17.417,0.000815,0.563,0.574,STAR
19.711,20.261,20.914,21.425,21.502,0.668995,2.955,2.07,GALAXY
20.117,20.568,20.719,20.795,20.965,0.000559,0.612,0.534,STAR
20.984,21.595,22.105,22.446,22.802,-0.043917,2.457,1.783,GALAXY
17.944,17.91,18.545,18.88,19.043,0.183884,2.76,1.521,GALAXY
17.232,18.125,18.524,18.861,18.973,0.558769,1.244,2.823,GALAXY
16.384,16.745,16.67,16.861,16.936,0.000944,0.491,0.446,STAR
19.141,19.251,19.384,19.727,19.612,0.000578,0.272,0.518,STAR
16.573,17.224,17.107,17.095,17.115,0.000785,0.521,0.519,STAR
17.069,17.234,17.103,17.397,17.386,0.000602,0.31,0.636,STAR
19.376,20.291,20.132,20.308,20.453,0.001172,0.395,0.475,STAR
19.834,20.351,21.218,21.763,21.947,0.260095,1.15,2.9,GALAXY
21.55,21.894,21.934,22.4,22.561,0.350465,3.102,0.624,GALAXY
20.114,20.858,21.213,21.332,21.395,-0.045304,1.767,1.604,GALAXY
23.02,23.914,24.023,24.385,24.513,0.590505,2.608,2.748,GALAXY
16.821,17.475,18.048,18.162,18.478,0.345884,2.388,3.377,GALAXY
21.456,22.241,22.582,23.022,23.044,0.013327,2.413,2.104,GALAXY
20.6,20.662,20.662,21.231,21.169,0.518538,1.148,1.346,GALAXY
19.035,19.432,19.889,20.494,20.307,0.311801,3.451,2.256,GALAXY
19.714,20.098,21.078,21.269,21.561,0.313825,2.347,1.738,GALAXY
16.552,16.784,17.168,17.245,17.317,0.000494,0.612,0.616,STAR
18.311,18.74,19.036,19.113,19.246,0.001672,0.558,0.49,STAR
16.904,17.118,17.537,17.598,17.733,0.001713,0.391,0.556,STAR
18.78,19.02,19.117,19.441,19.491,0.001161,0.459,0.355,STAR
17.926,18.351,18.817,18.99,18.952,0.000848,0.48,0.542,STAR
16.076,16.13,16.365,16.486,16.504,-0.000171,0.334,0.363,STAR
20.945,21.303,21.917,22.507,22.643,0.276807,2.336,2.117,GALAXY
21.258,22.575,22.897,23.428,23.461,0.244145,3.232,2.197,GALAXY
23.08,23.587,23.748,24.319,24.413,0.042916,3.894,2.553,GALAXY
15.289,15.265,15.465,15.611,15.757,0.000762,0.435,0.503,STAR
19.952,20.478,20.469,20.726,21.11,0.247137,2.187,3.487,GALAXY
22.902,23.653,24.05,24.413,24.436,0.100865,2.254,2.663,GALAXY
20.542,21.213,21.54,21.79,22.185,0.353762,2.42,2.274,GALAXY
19.311,19.627,19.732,20.192,20.164,0.137625,1.54,1.392,GALAXY
19.662,20.335,20.422,20.517,20.552,2.233242,1.109,0.612,QSO
19.273,19.154,19.496,19.571,19.724,0.000357,0.449,0.525,STAR
17.473,17.672,17.816,17.835,17.895,0.379032,1.504,1.096,QSO
17.824,18.354,18.362,18.609,18.866,-1.2e-05,0.53,0.521,STAR
18.702,19.575,20.005,20.361,20.761,0.376234,1.745,2.211,GALAXY
16.325,16.616,16.677,16.902,17.027,2.278063,0.753,1.236,QSO
19.918,20.028,20.16,20.535,20.597,0.000965,0.591,0.549,STAR
21.108,21.417,22.115,22.347,22.686,0.178921,2.792,2.384,GALAXY
16.042,16.433,16.79,17.168,17.76,0.202512,2.986,3.087,GALAXY
16.529,16.9,16.742,16.933,17.009,0.000531,0.574,0.546,STAR
17.282,17.384,17.709,18.032,18.055,0.001608,0.581,0.452,STAR
20.217,20.404,21.036,21.025,21.142,0.396058,2.741,2.216,GALAXY
17.853,18.268,18.17,18.324,18.359,0.001227,0.442,0.505,STAR
15.618,15.785,16.047,16.079,16.168,0.001083,0.54,0.539,STAR
15.957,16.388,16.618,16.789,16.914,-1.1e-05,0.464,0.383,STAR
17.373,17.568,17.63,17.741,17.841,0.001355,0.517,0.552,STAR
20.032,20.777,21.473,21.833,22.254,0.096622,2.265,2.6,GALAXY
18.679,19.012,19.19,19.267,19.241,0.842303,0.866,0.743,QSO
19.474,20.015,20.652,20.897,20.824,0.395125,2.691,2.402,GALAXY
19.538,19.587,20.258,20.683,21.077,0.203285,2.921,1.735,GALAXY
17.625,17.892,18.177,18.387,18.568,0.000717,0.559,0.571,STAR
19.077,19.106,19.209,19.399,19.596,2.078082,1.06,1.269,QSO
21.642,22.231,22.51,22.585,22.839,0.094092,1.423,1.636,GALAXY
19.389,20.152,20.529,20.691,20.695,0.549813,3.092,2.965,GALAXY
20.439,20.744,20.823,20.959,21.03,1.072648,1.205,0.975,QSO
19.259,19.719,19.887,20.104,20.101,0.000413,0.364,0.683,STAR
17.394,17.659,17.931,17.991,18.079,1.258515,1.024,0.541,QSO
15.417,15.694,16.13,16.492,16.77,0.20787,3.481,2.413,GALAXY
18.038,18.262,18.095,18.181,18.255,0.00184,0.447,0.522,STAR
19.546,19.701,19.98,20.152,20.297,0.001533,0.61,0.343,STAR
24.387,24.991,25.321,25.212,25.288,0.092042,2.155,2.129,GALAXY
17.74,18.54,18.669,18.677,18.68,0.000506,0.532,0.475,STAR
16.556,17.447,17.882,18.144,18.093,0.525514,1.808,3.482,GALAXY
16.171,16.593,16.678,16.79,17.006,0.189961,2.4,2.436,GALAXY
17.609,18.229,18.758,19.175,19.283,0.45033,2.49,1.48,GALAXY
16.384,16.719,16.901,16.973,17.102,0.001299,0.468,0.644,STAR
18.996,19.958,19.972,20.148,20.367,0.641144,2.572,3.028,GALAXY
18.265,18.718,18.747,18.752,18.664,0.001548,0.447,0.587,STAR
19.861,20.232,20.611,20.658,21.087,-0.193525,2.42,1.403,GALAXY
17.426,17.305,17.824,17.987,18.051,0.000364,0.616,0.378,STAR
17.241,17.257,17.362,17.617,17.77,0.000493,0.642,0.49,STAR
16.127,16.304,16.51,16.613,16.76,0.000582,0.578,0.582,STAR
18.382,19.11,19.193,19.232,19.275,0.000804,0.533,0.625,STAR
18.537,19.135,19.586,19.653,19.544,0.157173,3.103,0.601,GALAXY
18.605,18.444,18.686,18.795,18.754,0.001034,0.502,0.595,STAR
18.222,18.206,18.587,19.142,19.332,0.401079,1.689,1.958,GALAXY
20.337,20.315,20.404,20.647,20.936,0.507157,3.627,2.173,GALAXY
18.117,18.524,19.413,19.778,20.167,0.594826,3.645,1.735,GALAXY
17.417,17.925,18.156,18.56,18.672,0.002626,0.535,0.61,STAR
17.095,17.034,17.27,17.442,17.526,1.264303,0.966,0.85,QSO
18.355,18.413,18.424,18.429,18.48,2.011036,0.767,1.326,QSO
20.236,20.574,20.711,20.715,20.781,0.00086,0.598,0.614,STAR
19.591,20.206,20.472,20.939,21.322,0.500388,2.888,1.935,GALAXY
19.148,19.155,19.5,19.586,19.787,0.000823,0.501,0.573,STAR
21.309,22.002,22.692,22.898,23.194,0.54696,1.568,1.657,GALAXY
19.05,19.534,19.669,19.818,19.97,0.001142,0.482,0.502,STAR
19.731,19.89,20.235,20.36,20.435,-0.271967,1.228,0.659,QSO
22.716,23.129,23.699,24.176,24.403,0.303356,2.16,1.712,GALAXY
16.776,17.024,17.24,17.357,17.433,0.000668,0.396,0.589,STAR
19.228,19.978,19.638,20.016,20.312,-0.373227,2.867,2.251,GALAXY
19.41,19.942,20.69,20.824,20.994,0.257607,0.971,2.318,GALAXY
19.799,20.616,20.871,21.17,21.236,0.381641,2.151,2.551,GALAXY
16.818,17.919,17.971,18.655,19.048,0.409748,3.944,2.419,GALAXY
20.595,21.206,21.453,21.663,21.626,0.000563,0.587,0.718,STAR
18.746,19.355,19.905,20.405,20.501,0.532328,1.443,2.353,GALAXY
18.049,18.355,18.608,18.723,18.744,2.079835,0.621,0.893,QSO
18.143,18.604,18.661,18.768,18.881,0.001105,0.551,0.394,STAR
18.638,19.263,19.628,19.773,20.075,0.366792,2.385,1.488,GALAXY
16.202,16.817,17.014,17.092,17.512,0.486692,2.309,2.921,GALAXY
16.991,17.957,18.278,18.713,18.825,0.357076,1.425,2.198,GALAXY
18.122,18.541,18.692,18.814,18.978,0.000221,0.518,0.641,STAR
21.67,21.86,21.984,22.145,22.222,2.451789,0.592,1.44,QSO
15.317,15.422,15.498,15.592,15.61,2.293325,1.278,1.192,QSO
18.339,18.488,18.7,18.806,18.712,0.001558,0.381,0.423,STAR
19.022,19.401,19.715,19.633,19.754,0.001475,0.471,0.646,STAR
22.331,23.007,23.662,23.673,23.782,0.558784,3.413,2.126,GALAXY
16.179,16.612,16.906,17.184,17.472,0.00145,0.515,0.58,STAR
17.929,17.944,18.167,18.342,18.17,0.383685,3.601,3.813,GALAXY
17.861,18.246,18.515,18.439,18.531,0.533739,0.986,2.124,GALAXY
17.573,17.475,17.528,17.556,17.632,1.687072,0.962,1.161,QSO
16.774,17.419,18.009,18.398,18.928,0.649839,3.173,2.505,GALAXY
18.834,19.53,19.976,20.326,20.461,0.394278,3.609,2.766,GALAXY
15.787,16.252,16.435,16.587,16.655,0.401288,0.597,0.836,QSO
16.917,17.084,17.074,17.087,17.133,0.001628,0.572,0.482,STAR
15.682,15.883,16.043,16.194,16.354,0.001106,0.537,0.646,STAR
18.886,19.233,19.669,19.984,19.907,0.433596,3.547,2.033,GALAXY
19.252,19.363,19.535,19.572,19.563,1.399404,0.796,0.429,QSO
18.166,18.491,18.634,18.672,18.732,0.001619,0.28,0.464,STAR
21.604,21.749,22.371,22.617,22.816,0.254616,2.305,2.614,GALAXY
16.928,16.67,16.856,16.993,17.178,0.000653,0.465,0.373,STAR
17.753,18.215,18.324,18.554,18.723,0.000868,0.44,0.468,STAR
18.058,18.301,18.7,18.799,18.863,0.000931,0.558,0.458,STAR
20.138,20.175,20.358,20.751,21.081,0.185264,2.338,2.15,GALAXY
17.118,17.457,17.721,17.883,17.904,0.000596,0.42,0.45,STAR
20.099,20.044,20.429,20.538,20.719,0.00067,0.611,0.547,STAR
19.19,19.56,19.931,20.057,20.263,0.001769,0.488,0.497,STAR
22.255,22.768,23.187,23.543,23.736,0.381549,3.409,2.054,GALAXY
17.332,17.464,17.509,17.817,17.849,0.001192,0.454,0.496,STAR
17.147,17.249,17.467,17.652,17.758,1.89726,1.154,0.361,QSO
21.64,22.234,22.921,23.252,23.255,0.129769,3.154,2.008,GALAXY
16.458,16.88,17.172,17.235,17.369,0.00054,0.401,0.553,STAR
19.81,20.58,20.974,21.127,21.298,0.495122,2.634,0.859,GALAXY
17.462,17.503,17.657,17.868,18.055,0.001342,0.698,0.477,STAR
19.714,19.97,20.469,20.799,21.042,0.381875,1.625,0.742,GALAXY
17.73,17.78,18.082,18.222,18.28,0.729461,0.997,1.065,QSO
21.119,21.897,21.998,22.537,22.668,0.169209,2.651,1.772,GALAXY
18.636,19.034,19.173,19.098,19.124,1.365977,1.305,0.619,QSO
17.614,17.737,17.689,17.854,18.124,0.000445,0.399,0.463,STAR
22.825,23.164,23.216,23.779,24.2,0.480017,0.915,2.123,GALAXY
16.045,16.945,17.205,17.483,17.617,0.197002,1.212,1.742,GALAXY
18.468,18.483,18.73,18.897,18.985,1.545314,0.497,0.887,QSO
20.747,21.03,21.713,22.154,22.012,0.33014,0.527,2.059,GALAXY
16.967,16.991,17.38,17.45,17.533,0.00155,0.612,0.645,STAR
18.336,18.876,18.728,18.811,18.862,0.000875,0.451,0.532,STAR
16.222,16.278,16.478,16.618,16.774,0.001407,0.526,0.465,STAR
18.425,18.426,18.745,18.79,18.751,0.001005,0.565,0.577,STAR
14.928,15.481,15.361,15.415,15.525,0.00081,0.666,0.489,STAR
15.627,15.601,15.826,15.891,15.983,0.001417,0.49,0.551,STAR
22.761,23.63,23.733,24.254,24.456,0.23921,2.938,3.611,GALAXY
18.711,18.825,19.007,19.218,19.323,0.00103,0.578,0.448,STAR
16.677,16.919,17.322,17.529,17.647,0.001017,0.496,0.507,STAR
19.023,19.98,20.507,20.602,20.922,0.059636,2.145,3.285,GALAXY
18.014,18.114,18.415,18.403,18.588,0.402168,2.895,2.27,GALAXY
17.628,17.853,18.17,18.242,18.308,0.000439,0.623,0.443,STAR
18.795,18.846,19.067,19.055,19.102,0.08406,0.958,3.736,GALAXY
16.97,17.137,17.482,17.735,17.841,0.000372,0.585,0.612,STAR
19.262,19.434,19.602,19.611,19.725,1.089436,1.169,1.448,QSO
18.724,19.366,19.641,19.765,19.89,0.001352,0.571,0.396,STAR
17.474,17.882,18.191,18.463,18.444,0.000498,0.51,0.495,STAR
17.161,17.653,17.915,18.038,18.124,0.00059,0.506,0.533,STAR
17.345,17.379,17.581,17.663,17.46,0.000814,0.628,0.428,STAR
17.378,17.118,17.001,17.162,17.318,0.001164,0.668,0.549,STAR
17.005,17.289,17.307,17.396,17.36,0.001533,0.731,0.565,STAR
18.003,18.243,18.446,18.505,18.528,0.580372,1.285,0.835,QSO
17.457,17.26,17.617,18.013,18.027,0.182514,2.424,2.039,GALAXY
17.659,17.693,17.973,18.24,18.319,0.001065,0.396,0.371,STAR
15.559,16.398,16.95,17.305,17.618,0.434439,3.416,2.155,GALAXY
17.035,17.409,17.88,18.635,19.083,-0.14157,1.436,3.041,GALAXY
18.65,18.683,19.412,19.671,19.899,0.15927,2.223,3.969,GALAXY
20.08,20.925,21.08,21.192,21.205,0.493054,2.644,1.77,GALAXY
15.476,15.489,15.485,15.563,15.637,1.249703,0.845,1.506,QSO
17.487,17.821,17.851,17.885,17.958,0.000422,0.42,0.521,STAR
17.352,17.517,17.856,18.012,18.108,0.000601,0.547,0.642,STAR
18.446,19.028,19.253,19.427,19.474,1.7e-05,0.481,0.354,STAR
19.232,19.384,19.681,19.791,19.885,0.002065,0.35,0.49,STAR
15.281,15.71,15.869,16.213,16.619,-0.092858,1.963,3.374,GALAXY
19.033,19.688,20.016,20.379,20.526,0.37834,1.501,3.159,GALAXY
17.308,17.7,17.854,18.155,18.162,0.001643,0.496,0.454,STAR
19.959,19.855,20.078,20.142,20.283,2.087817,1.041,0.746,QSO
18.617,18.721,18.895,18.974,19.031,0.000124,0.48,0.54,STAR
18.325,18.75,18.98,19.142,19.248,1.56453,1.269,0.413,QSO
18.498,19.175,19.374,19.39,19.412,0.001883,0.488,0.513,STAR
17.327,17.728,17.894,18.061,18.034,0.000985,0.547,0.368,STAR
17.889,18.83,19.442,19.821,20.268,0.484186,1.844,2.192,GALAXY
18.179,18.888,19.068,19.102,19.263,0.001683,0.716,0.282,STAR
16.083,16.316,16.798,17.056,17.226,0.188684,2.865,2.357,GALAXY
19.234,19.483,19.524,19.636,19.681,0.96666,0.838,1.343,QSO
19.64,20.529,21.228,21.449,21.661,0.277065,2.864,4.303,GALAXY
20.295,20.717,20.952,21.171,21.129,0.001535,0.614,0.402,STAR
18.265,19.038,19.56,19.76,19.928,0.176953,3.795,1.325,GALAXY
17.4,17.662,17.758,18.241,18.458,0.300675,2.724,0.49,GALAXY
21.221,21.505,21.985,22.312,22.623,0.177746,1.814,1.208,GALAXY
20.074,20.261,20.703,20.852,20.875,0.000972,0.714,0.411,STAR
14.608,14.826,15.033,15.08,15.205,0.001132,0.611,0.575,STAR
20.755,21.647,21.895,22.127,22.38,0.468073,2.583,3.383,GALAXY
16.394,16.858,17.19,17.274,17.368,0.00149,0.424,0.655,STAR
18.517,19.07,19.271,19.376,19.57,0.002001,0.482,0.596,STAR
19.303,19.927,20.406,20.864,20.915,-0.192997,2.028,1.193,GALAXY
19.212,19.199,19.558,19.637,19.698,3.699917,0.812,0.648,QSO
19.03,19.251,19.45,19.492,19.535,0.182826,1.041,0.627,QSO
17.565,17.838,18.154,18.376,18.471,3.248279,0.555,1.036,QSO
22.093,22.71,23.134,23.13,23.23,0.220261,3.505,1.605,GALAXY
19.585,20.273,20.585,20.633,20.398,0.313569,2.616,2.928,GALAXY
18.555,18.789,18.766,18.801,18.879,2.059327,1.206,1.084,QSO
21.452,21.632,22.192,22.568,22.794,0.222253,1.227,3.134,GALAXY
18.658,19.404,19.96,20.18,20.362,0.426239,2.451,2.308,GALAXY
20.282,20.527,20.638,20.815,20.918,0.001111,0.446,0.49,STAR
15.139,15.345,15.443,15.734,15.77,0.001416,0.62,0.643,STAR
17.497,18.192,18.265,18.472,18.583,0.001449,0.501,0.475,STAR
18.857,19.642,20.358,20.566,20.629,0.088507,1.939,1.927,GALAXY
18.133,18.48,18.863,19.154,19.318,0.569696,2.762,1.466,GALAXY
16.659,17.127,17.309,17.463,17.507,0.001472,0.501,0.562,STAR
20.476,20.682,21.097,21.278,21.323,0.001302,0.525,0.475,STAR
16.929,17.135,17.26,17.245,17.256,2.464758,1.119,0.907,QSO
18.876,19.532,19.681,20.086,20.212,0.595563,2.636,2.471,GALAXY
18.791,18.905,18.976,19.274,19.767,0.43652,1.533,2.006,GALAXY
20.884,21.246,21.413,21.972,22.063,0.58146,1.517,0.824,GALAXY
19.352,19.654,20.06,20.182,20.183,0.123694,2.522,1.632,GALAXY
18.141,18.907,19.161,19.263,19.524,-0.04598,3.637,2.525,GALAXY
18.044,18.644,19.192,19.475,19.798,0.168932,2.036,3.203,GALAXY
24.155,24.5,25.023,25.156,25.187,0.480114,2.231,2.86,GALAXY
18.317,18.659,18.325,18.728,18.902,0.153989,2.458,1.947,GALAXY
17.938,18.214,18.21,18.426,18.606,0.000852,0.507,0.6,STAR
22.073,22.821,23.05,23.313,23.405,0.166567,3.52,2.616,GALAXY
16.03,15.98,16.122,16.385,16.528,0.001505,0.61,0.635,STAR
19.14,19.875,20.37,20.328,20.347,0.396863,3.004,1.472,GALAXY
22.349,22.731,23.116,23.177,23.211,0.510372,2.021,3.162,GALAXY
16.624,16.847,17.109,17.234,17.264,0.000738,0.456,0.51,STAR
19.428,19.829,20.186,20.343,20.357,1.831955,1.128,0.801,QSO
17.793,17.808,18.704,19.189,19.39,0.313803,2.525,1.95,GALAXY
17.308,17.442,17.416,17.638,17.75,0.001084,0.554,0.578,STAR
20.345,20.647,20.769,21.024,21.037,0.001403,0.376,0.652,STAR
24.502,24.691,24.903,25.284,25.428,0.30532,2.583,4.078,GALAXY
20.531,21.051,21.605,21.909,22.016,-0.203689,2.474,3.115,GALAXY
23.515,23.667,24.159,24.276,24.652,0.154069,2.207,3.523,GALAXY
16.18,16.55,16.763,16.925,16.878,0.001214,0.52,0.544,STAR
24.787,24.61,25.133,25.432,25.825,-0.023528,3.191,2.164,GALAXY
20.829,21.128,21.825,22.425,22.699,0.183669,2.31,1.692,GALAXY
20.526,21.063,21.16,21.359,21.474,0.00193,0.501,0.448,STAR
15.674,15.92,15.952,15.977,16.025,1.918297,1.337,1.155,QSO
19.273,19.641,19.551,19.767,19.88,0.00059,0.533,0.612,STAR
17.074,17.261,17.224,17.262,17.707,0.49733,2.357,3.237,GALAXY
18.721,18.916,19.096,19.194,19.327,0.415214,1.42,1.008,QSO
17.8,17.904,18.055,18.183,18.346,0.001042,0.637,0.511,STAR
18.549,18.925,19.433,19.829,20.13,0.558246,3.583,2.691,GALAXY
20.543,21.201,22.073,22.346,22.817,0.186281,3.839,2.49,GALAXY
18.965,18.961,18.965,19.155,19.293,3.140504,1.182,0.575,QSO
16.795,17.415,17.761,17.872,17.914,0.000431,0.483,0.463,STAR
19.768,20.129,20.327,20.776,21.261,0.139291,0.589,2.985,GALAXY
18.821,19.651,20.153,20.173,20.315,0.000681,0.453,0.519,STAR
17.763,18.13,18.399,18.441,18.652,0.001202,0.387,0.44,STAR
16.781,16.94,17.25,17.253,17.37,0.001242,0.458,0.321,STAR
17.917,17.928,18.251,18.502,18.602,0.00244,0.587,0.231,STAR
17.909,18.082,18.553,18.703,18.763,0.001532,0.535,0.751,STAR
18.795,18.872,19.019,19.009,19.117,2.139286,1.066,1.409,QSO
16.72,17.543,17.675,17.777,17.887,0.118648,3.576,2.749,GALAXY
19.254,19.243,19.38,19.482,19.583,1.702259,0.571,1.396,QSO
21.274,21.869,22.411,22.952,23.161,0.253176,1.796,3.155,GALAXY
17.83,17.812,17.929,18.1,18.092,0.000721,0.474,0.479,STAR
17.881,18.059,18.76,18.893,19.148,0.001445,2.574,2.353,GALAXY
16.438,16.91,17.206,17.509,17.672,0.00106,0.368,0.408,STAR
16.409,16.762,17.715,18.148,18.473,0.412362,2.799,3.397,GALAXY
20.384,20.746,20.808,20.901,20.943,0.150168,1.453,0.813,QSO
16.646,16.919,17.343,17.398,17.447,0.00052,0.505,0.38,STAR
18.224,18.321,18.565,18.967,19.134,0.169832,2.077,2.523,GALAXY
20.153,20.604,20.9,21.268,21.251,0.000479,0.441,0.652,STAR
19.56,19.978,20.167,20.74,20.759,0.377156,1.304,2.271,GALAXY
19.248,19.615,19.949,20.252,20.287,0.00141,0.514,0.433,STAR
16.707,16.796,16.909,16.947,17.056,0.893744,1.193,0.83,QSO
20.031,20.38,20.539,20.619,20.773,0.648342,1.817,2.95,GALAXY
18.442,18.963,19.827,20.111,20.2,-0.087269,3.214,1.817,GALAXY
22.551,23.03,23.601,23.733,24.091,0.34024,2.573,3.22,GALAXY
18.238,18.571,18.495,18.917,18.811,0.169416,1.981,3.491,GALAXY
19.125,19.3,19.494,19.88,20.107,0.199869,1.674,3.307,GALAXY
16.537,16.611,16.947,17.338,17.431,-1.2e-05,0.408,0.504,STAR
20.132,20.345,20.381,20.271,20.375,1.883239,1.139,1.476,QSO
16.328,16.345,16.254,16.263,16.446,0.00021,0.415,0.479,STAR
19.176,19.768,20.18,20.144,20.441,0.812538,3.657,1.117,GALAXY
21.252,22.4,22.762,23.066,23.225,0.422052,3.291,2.248,GALAXY
17.137,17.526,17.729,18.023,18.157,0.000342,0.431,0.69,STAR
17.73,17.896,18.109,18.14,18.236,0.000977,0.675,0.584,STAR
18.265,18.802,19.03,19.004,19.161,0.000804,0.397,0.474,STAR
18.35,18.766,19.065,19.021,19.032,0.001019,0.735,0.422,STAR
19.565,19.912,20.523,20.821,20.875,0.396229,4.113,2.975,GALAXY
19.649,20.315,20.8,20.888,20.969,0.127231,1.931,2.891,GALAXY
19.192,19.157,19.329,19.412,19.409,2.329214,1.305,0.55,QSO
16.514,16.798,16.958,17.119,17.209,0.000657,0.546,0.54,STAR
20.473,20.84,21.264,21.401,21.601,0.328377,2.345,1.212,GALAXY
17.38,17.813,18.044,18.416,18.701,-0.326375,1.972,1.777,GALAXY
20.042,20.365,20.497,20.907,20.881,0.520582,1.308,1.659,GALAXY
20.021,20.075,20.592,21.072,21.414,0.109153,2.807,2.505,GALAXY
15.97,16.002,16.059,16.139,16.22,2.365398,1.147,0.502,QSO
15.42,15.811,16.309,16.408,16.654,0.209928,1.662,3.209,GALAXY
20.091,20.597,20.856,21.318,21.631,0.493077,1.176,2.193,GALAXY
19.145,19.4,19.714,19.86,19.888,0.000659,0.604,0.509,STAR
19.391,19.787,20.134,20.274,20.391,0.000303,0.566,0.597,STAR
24.665,24.673,25.048,25.545,25.896,0.416227,2.344,1.681,GALAXY
21.525,21.626,21.732,21.864,22.014,0.540498,0.522,0.692,QSO
18.302,18.844,18.866,18.996,19.109,2.545581,0.646,0.576,QSO
16.579,16.647,16.779,16.856,16.955,0.001243,0.432,0.66,STAR
16.937,17.28,17.354,17.477,17.57,1.960929,0.939,1.578,QSO
21.402,22.045,22.417,22.927,23.259,0.221812,1.958,2.864,GALAXY
17.398,17.475,17.551,17.818,18.1,0.039168,4.513,1.187,GALAXY
14.731,15.016,15.538,15.849,16.353,0.410591,2.752,2.3,GALAXY
16.665,17.288,17.527,17.799,17.813,0.647107,3.149,2.575,GALAXY
16.154,16.368,16.6,16.707,16.727,0.00112,0.65,0.383,STAR
16.532,17.212,17.723,18.175,18.289,0.173689,2.908,2.175,GALAXY
19.007,19.197,19.524,19.459,19.543,0.001635,0.507,0.491,STAR
17.959,18.055,18.197,18.29,18.432,3.961068,1.098,0.422,QSO
20.722,21.078,21.686,22.269,23.01,0.151778,3.873,0.492,GALAXY
18.969,19.398,19.708,19.98,19.98,0.00113,0.376,0.587,STAR
17.342,17.724,17.662,18.048,18.145,0.001312,0.345,0.32,STAR
15.579,15.45,15.706,15.708,15.741,2.211565,1.347,1.334,QSO
18.981,18.967,19.619,20.043,20.196,0.392577,2.084,4.101,GALAXY
16.301,16.319,16.777,16.873,16.872,0.000987,0.573,0.264,STAR
16.604,16.963,17.14,17.146,17.452,0.001471,0.482,0.511,STAR
18.956,19.102,19.25,19.343,19.365,2.140311,1.163,0.637,QSO
23.444,23.56,23.441,23.948,24.095,0.481352,2.93,2.45,GALAXY
18.514,18.847,19.338,19.853,19.683,0.13099,2.665,3.324,GALAXY
22.656,23.029,23.293,23.499,23.78,0.299197,3.665,2.706,GALAXY
17.868,18.211,18.445,18.633,18.732,0.001586,0.538,0.504,STAR
17.32,17.585,18.008,18.032,17.939,0.001041,0.424,0.532,STAR
17.801,18.083,17.988,17.995,18.125,0.634216,0.771,0.506,QSO
19.356,20.129,20.287,20.604,21.001,0.292448,1.002,2.777,GALAXY
19.602,20.426,20.746,21.164,21.171,0.697421,2.825,2.195,GALAXY
17.356,17.686,17.85,17.879,18.096,0.001294,0.443,0.454,STAR
22.069,22.761,23.375,23.892,24.052,0.583504,1.927,2.32,GALAXY
20.092,20.75,21.548,21.723,21.861,0.249925,1.958,2.716,GALAXY
15.876,16.237,16.413,16.656,16.685,0.00153,0.446,0.593,STAR
14.976,15.178,15.596,15.767,15.932,0.000493,0.706,0.451,STAR
17.041,17.438,17.618,17.813,17.896,-0.000137,0.534,0.407,STAR
17.749,17.956,18.033,18.312,18.268,-3.4e-05,0.35,0.59,STAR
21.303,22.256,22.851,22.847,22.938,0.667138,1.267,2.948,GALAXY
19.417,19.799,20.214,20.331,20.446,0.000635,0.492,0.628,STAR
16.494,16.865,16.984,17.139,17.301,0.000428,0.619,0.591,STAR
17.778,18.366,18.726,19.003,18.992,8e-05,0.672,0.408,STAR
15.915,16.32,16.597,16.653,16.622,0.361742,3.242,2.381,GALAXY
21.667,22.652,23.061,23.485,23.675,0.446367,3.119,2.478,GALAXY
18.036,19.079,18.976,19.294,19.51,0.269009,1.969,0.489,GALAXY
17.258,17.409,17.37,17.585,17.566,0.000815,0.367,0.527,STAR
19.181,19.456,19.925,20.259,20.544,-0.225336,2.933,2.91,GALAXY
20.168,20.333,20.272,20.952,21.04,0.353389,2.723,2.822,GALAXY
17.917,18.117,18.348,18.67,18.583,0.001392,0.487,0.55,STAR
20.977,21.043,21.451,21.862,22.032,0.529283,3.249,2.945,GALAXY
17.345,17.505,17.781,17.83,17.897,2.150972,1.076,1.007,QSO
18.529,19.354,20.261,20.299,20.351,0.208067,0.783,3.082,GALAXY
17.629,17.881,18.353,18.449,18.489,0.001352,0.336,0.486,STAR
15.497,15.752,15.823,16.004,15.956,0.000779,0.51,0.472,STAR
18.359,18.723,18.792,18.877,18.965,0.000733,0.453,0.662,STAR
17.872,18.117,18.148,18.086,18.189,0.001114,0.585,0.524,STAR
19.24,19.731,20.101,20.411,20.629,0.273568,1.032,1.665,GALAXY
19.597,20.727,21.12,21.479,21.993,0.52858,1.824,2.167,GALAXY
16.798,17.446,17.764,18.068,18.491,0.266924,2.067,1.347,GALAXY
18.522,19.0,19.268,19.343,19.716,0.267815,2.858,2.353,GALAXY
15.934,16.09,16.412,16.463,16.649,1.569843,0.525,0.9,QSO
17.143,17.26,17.582,17.837,17.884,0.000671,0.627,0.373,STAR
20.589,20.988,21.523,21.689,21.841,0.153082,2.372,3.699,GALAXY
21.75,22.598,22.989,23.39,23.235,0.213923,1.429,2.58,GALAXY
14.643,14.551,14.858,15.245,15.581,0.251223,3.696,2.349,GALAXY
18.739,19.343,19.271,19.547,19.431,0.639022,1.888,2.498,GALAXY
15.992,16.354,16.661,16.633,16.69,0.000857,0.588,0.57,STAR
20.147,20.139,20.14,20.264,20.326,0.001368,0.646,0.428,STAR
17.795,17.757,17.719,18.214,18.551,-0.113935,2.316,2.132,GALAXY
18.326,19.693,19.729,20.339,20.675,0.472678,2.758,1.624,GALAXY
17.123,17.555,17.975,18.225,18.257,0.000764,0.532,0.397,STAR
16.518,16.856,17.116,17.185,17.364,2.212325,1.076,0.722,QSO
18.219,18.738,19.377,19.744,20.263,0.217381,3.209,1.639,GALAXY
17.366,17.525,17.952,18.466,18.758,0.016992,2.76,2.852,GALAXY
19.096,19.456,19.676,19.629,19.784,0.001565,0.515,0.6,STAR
19.83,20.218,20.567,20.867,21.237,0.367029,2.793,2.733,GALAXY
17.112,17.274,17.419,17.498,17.609,0.000176,0.31,0.374,STAR
21.842,22.496,22.816,22.987,23.244,0.184672,2.06,2.667,GALAXY
18.545,18.943,19.063,19.194,19.223,0.00068,0.421,0.385,STAR
18.801,18.921,19.11,19.295,19.376,0.001271,0.459,0.362,STAR
19.335,19.415,19.58,19.659,19.763,0.757111,0.802,1.137,QSO
15.972,16.356,16.433,16.597,16.73,1.57322,0.8,1.0,QSO
20.976,21.659,21.771,22.025,22.571,0.371802,1.619,3.904,GALAXY
17.17,17.539,17.59,17.618,17.659,1.88165,0.782,1.122,QSO
17.032,17.151,17.146,17.325,17.449,1.915321,1.303,0.655,QSO
17.022,17.289,17.376,17.678,17.783,0.002058,0.686,0.404,STAR
17.4,17.958,18.424,19.045,19.604,0.000529,2.325,3.306,GALAXY
19.115,19.587,19.958,20.035,20.142,0.316605,2.346,3.621,GALAXY
15.373,15.436,15.564,15.656,15.801,0.001273,0.36,0.578,STAR
18.518,18.929,19.184,19.372,19.556,0.001154,0.529,0.534,STAR
15.993,16.23,16.245,16.344,16.341,0.001924,0.535,0.559,STAR
19.953,20.045,20.928,21.113,21.444,0.458237,3.749,3.985,GALAXY
22.809,23.326,23.717,24.026,24.329,0.543514,1.504,1.475,GALAXY
19.411,19.728,19.85,19.972,20.032,0.001953,0.603,0.44,STAR
21.01,21.343,21.602,21.59,21.555,2.215381,0.871,0.819,QSO
16.836,17.236,17.601,17.786,17.927,0.000648,0.591,0.352,STAR
19.422,19.749,19.976,20.1,20.249,-0.000419,0.404,0.624,STAR
17.212,17.475,17.767,17.845,17.957,2.471692,0.76,1.069,QSO
17.772,18.11,18.32,18.45,18.594,0.001575,0.743,0.469,STAR
15.109,15.342,15.529,15.567,15.682,0.001396,0.596,0.421,STAR
17.562,17.965,17.946,18.201,18.245,0.000659,0.657,0.484,STAR
17.779,17.915,17.8,17.847,17.979,0.000696,0.584,0.494,STAR
20.111,20.659,21.155,21.385,21.324,0.218781,2.547,3.222,GALAXY
19.836,20.128,20.34,20.663,20.772,0.001185,0.501,0.453,STAR
18.225,18.556,19.213,19.528,19.747,0.596493,2.744,3.165,GALAXY
18.404,18.551,18.837,19.167,19.266,0.249702,2.567,2.431,GALAXY
21.963,22.922,23.35,23.497,23.646,0.330403,1.085,2.557,GALAXY
19.416,19.588,19.668,19.695,19.729,0.894967,0.921,0.857,QSO
20.306,20.947,21.4,21.378,21.48,0.058218,1.819,2.939,GALAXY
18.957,19.787,20.093,20.487,20.496,0.049764,3.001,2.824,GALAXY
17.707,17.628,17.473,17.587,17.826,0.000365,0.502,0.502,STAR
22.605,23.578,23.873,24.299,24.443,0.096046,3.715,1.229,GALAXY
18.468,19.099,19.702,19.813,19.959,0.384978,2.601,1.944,GALAXY
19.103,19.479,19.569,19.781,19.815,0.000765,0.485,0.557,STAR
17.669,17.709,18.005,18.108,18.244,2.552708,0.986,0.314,QSO
20.044,20.534,21.106,21.525,21.638,0.587853,2.336,2.542,GALAXY
17.087,17.238,17.111,17.082,17.039,0.00111,0.29,0.536,STAR
17.355,17.57,17.933,18.002,18.155,0.000351,0.328,0.582,STAR
22.872,23.431,23.396,23.93,24.356,-0.107222,3.118,2.856,GALAXY
18.261,19.335,19.574,19.598,19.645,0.026257,1.597,2.378,GALAXY
17.067,17.45,18.066,18.585,18.751,0.025408,2.29,2.118,GALAXY
19.724,19.936,20.172,20.294,20.389,0.000912,0.501,0.556,STAR
21.298,21.963,22.055,22.126,22.285,0.08759,2.637,1.676,GALAXY
17.98,17.718,18.096,18.364,18.487,0.000734,0.507,0.53,STAR
19.922,20.633,20.631,20.684,20.705,0.720791,1.897,1.624,GALAXY
17.703,17.938,18.243,18.323,18.436,0.000971,0.483,0.636,STAR
17.58,18.188,18.785,19.013,19.172,0.0003,0.663,0.468,STAR
15.589,16.02,16.171,16.916,17.285,0.145649,1.895,2.223,GALAXY
18.321,18.7,18.981,19.254,19.35,0.001494,0.649,0.395,STAR
18.66,18.87,19.05,19.106,19.211,-0.219558,0.893,0.94,QSO
18.858,18.914,19.109,19.211,19.262,0.341933,1.247,0.878,QSO
18.318,18.627,18.737,18.892,19.051,0.001153,0.419,0.429,STAR
22.314,23.263,23.582,24.178,24.489,0.260995,2.598,2.965,GALAXY
18.284,18.276,18.35,18.347,18.429,1.981662,1.121,0.85,QSO
16.577,16.782,16.535,16.602,16.684,0.001283,0.582,0.518,STAR
18.523,19.272,19.842,20.2,20.526,0.348277,2.737,2.106,GALAXY
19.995,20.126,20.065,20.286,20.466,0.000768,0.596,0.588,STAR
20.377,20.808,21.012,21.353,21.265,0.193029,1.739,2.066,GALAXY
18.938,19.136,19.159,19.308,19.358,0.554161,0.861,0.133,QSO
18.472,19.258,19.382,19.617,19.72,0.066297,2.404,1.933,GALAXY
16.483,17.017,17.544,18.005,18.188,0.473818,2.0,1.95,GALAXY
18.823,18.581,19.186,19.915,20.28,0.642728,3.569,2.78,GALAXY
16.292,16.802,16.977,17.038,17.131,0.001808,0.483,0.416,STAR
17.197,17.481,18.088,18.351,18.593,0.548975,2.221,2.253,GALAXY
15.943,16.279,16.868,17.222,17.426,0.510065,2.005,3.135,GALAXY
19.099,19.431,20.019,19.711,19.875,0.326738,5.297,1.361,GALAXY
18.097,18.006,18.373,18.495,18.594,0.106052,1.896,1.505,GALAXY
16.875,17.099,16.979,17.205,17.19,0.001417,0.59,0.44,STAR
18.931,19.236,19.664,20.257,20.475,0.566256,2.397,3.393,GALAXY
19.66,20.056,20.069,20.112,20.162,0.001224,0.384,0.434,STAR
19.039,19.641,20.237,21.001,21.132,-0.058775,1.352,1.493,GALAXY
19.343,19.467,19.769,19.673,20.081,0.211712,2.478,2.791,GALAXY
16.831,17.604,17.695,17.774,17.802,0.001087,0.508,0.465,STAR
18.506,18.785,19.553,19.803,19.941,-0.006071,2.21,2.21,GALAXY
18.601,18.898,19.194,19.298,19.32,0.001319,0.558,0.409,STAR
16.556,16.565,16.87,16.94,17.106,9.6e-05,0.569,0.416,STAR
20.145,20.242,20.355,20.339,20.42,-0.06678,0.916,1.007,QSO
20.3,20.566,20.68,20.873,20.959,1.496411,0.817,0.56,QSO
16.71,17.113,17.165,17.493,17.557,0.001012,0.4,0.511,STAR
17.636,18.46,18.892,19.398,19.479,0.424559,3.722,1.285,GALAXY
17.998,18.981,20.134,20.619,20.806,0.467589,2.187,1.833,GALAXY
17.368,18.111,18.213,18.277,18.278,0.000741,0.345,0.524,STAR
21.504,22.413,23.029,23.335,23.568,0.498822,3.143,2.61,GALAXY
23.101,23.84,24.573,24.827,25.141,0.32195,3.229,2.988,GALAXY
17.866,18.162,18.216,18.423,18.504,0.001501,0.42,0.444,STAR
20.049,20.339,20.919,20.996,21.364,0.224106,3.589,2.098,GALAXY
17.898,17.849,18.075,18.056,18.151,-0.122031,1.266,0.919,QSO
18.758,18.954,18.911,19.023,19.15,0.622019,1.413,0.753,QSO
17.12,17.193,17.217,17.383,17.299,0.000783,0.29,0.294,STAR
19.425,19.824,20.392,20.901,21.285,0.323194,2.489,2.078,GALAXY
17.323,17.54,17.855,17.971,17.966,1.428231,0.891,0.985,QSO
15.671,15.867,16.083,16.079,16.189,0.054126,2.402,1.816,GALAXY
19.359,19.839,20.227,20.644,20.832,0.239012,1.874,2.002,GALAXY
18.913,19.258,19.889,20.009,20.377,0.568233,2.307,2.708,GALAXY
24.337,24.86,25.21,25.414,25.611,0.315249,2.324,2.395,GALAXY
22.077,22.279,22.645,22.83,22.976,0.252443,2.109,2.223,GALAXY
19.912,20.309,20.452,20.899,21.162,0.110282,1.733,1.712,GALAXY
19.445,19.525,19.603,19.758,19.787,0.000904,0.564,0.441,STAR
18.551,18.487,18.421,18.884,18.883,0.107221,2.355,3.147,GALAXY
17.099,17.805,17.874,17.992,18.109,0.000786,0.442,0.435,STAR
20.002,20.725,21.149,21.029,21.325,0.308628,3.632,1.575,GALAXY
17.889,18.335,18.85,19.227,19.678,0.215411,2.745,2.903,GALAXY
16.364,16.663,16.758,17.051,16.975,0.001327,0.416,0.7,STAR
19.422,19.575,19.704,20.071,20.275,0.874712,1.132,1.317,QSO
17.699,17.868,17.91,18.057,18.119,1.311233,0.896,0.955,QSO
20.936,20.605,21.085,21.499,21.927,0.24843,1.624,3.437,GALAXY
22.103,22.269,22.914,23.054,23.34,0.388368,1.626,2.89,GALAXY
20.369,20.547,20.477,20.665,20.988,0.170792,2.29,2.819,GALAXY
15.761,16.143,16.355,16.372,16.436,2.231072,1.105,0.958,QSO
20.645,21.067,21.397,21.4,21.481,0.423991,3.167,2.236,GALAXY
18.179,18.652,19.676,19.98,19.921,-0.049573,2.346,3.15,GALAXY
19.895,20.661,20.764,20.898,21.116,0.557328,3.149,1.831,GALAXY
20.243,20.803,20.926,20.988,21.253,0.005223,2.007,2.405,GALAXY
18.389,18.444,18.476,18.56,18.674,0.206498,0.758,0.954,QSO
17.936,18.159,18.134,18.253,18.328,1.105514,1.155,1.13,QSO
21.261,22.215,22.469,22.725,22.939,0.432928,1.997,3.514,GALAXY
17.365,17.366,17.615,17.656,17.861,0.000844,0.53,0.648,STAR
16.99,17.217,17.069,17.305,17.416,0.000442,0.65,0.606,STAR
15.207,15.964,16.033,16.234,16.355,0.320656,2.882,1.39,GALAXY
16.554,16.811,17.121,17.095,17.255,0.001094,0.66,0.46,STAR
17.615,18.049,18.246,18.345,18.437,1.152124,0.716,0.549,QSO
22.59,23.44,23.741,23.839,24.14,0.614238,2.559,3.298,GALAXY
15.519,15.953,16.197,16.35,16.475,0.001164,0.428,0.515,STAR
20.177,20.199,20.676,20.802,20.947,0.275318,4.066,2.989,GALAXY
16.572,16.808,16.787,17.055,17.08,0.000413,0.608,0.268,STAR
19.757,20.131,20.479,20.47,20.612,1.658927,0.974,0.798,QSO
19.118,19.431,20.064,20.281,20.388,0.281358,2.149,3.064,GALAXY
14.968,14.911,15.429,15.581,15.763,0.000164,0.446,0.517,STAR
19.496,19.805,19.831,20.037,20.182,0.000638,0.525,0.344,STAR
17.522,18.265,18.333,18.782,19.255,0.300629,0.363,3.037,GALAXY
16.13,16.427,16.699,16.663,16.824,0.000774,0.399,0.415,STAR
20.464,20.677,20.986,20.982,21.112,0.479221,3.611,1.327,GALAXY
20.834,22.08,21.858,22.176,22.425,0.159593,1.982,2.821,GALAXY
21.597,22.214,22.852,23.083,23.204,0.385761,2.768,3.158,GALAXY
19.153,19.397,19.449,19.492,19.619,0.000933,0.415,0.609,STAR
19.493,19.729,19.897,19.986,20.136,0.001336,0.483,0.466,STAR
19.516,19.873,20.451,20.981,21.38,0.133703,1.434,2.236,GALAXY
18.494,18.819,19.242,19.543,19.835,0.361106,1.121,2.715,GALAXY
19.019,19.576,19.885,19.818,19.881,0.45026,1.718,2.236,GALAXY
17.815,18.362,19.057,19.318,19.435,0.542944,2.031,3.098,GALAXY
20.426,20.576,20.736,20.688,20.829,1.069895,0.883,0.719,QSO
17.921,18.645,18.842,19.089,19.231,0.227028,3.34,2.209,GALAXY
19.573,20.156,20.444,20.688,20.925,0.000182,0.661,0.458,STAR
17.141,17.365,17.867,18.173,18.165,0.000188,0.422,0.432,STAR
17.447,17.653,18.313,18.256,18.296,0.29989,2.8,2.003,GALAXY
20.282,20.705,20.929,20.946,21.014,1.543294,0.624,0.867,QSO
22.671,23.036,23.44,23.997,24.102,0.520213,2.594,2.446,GALAXY
17.669,17.702,17.791,17.957,18.004,0.00181,0.395,0.492,STAR
18.098,18.622,18.741,19.338,19.693,0.280958,1.594,3.597,GALAXY
19.519,20.101,20.608,21.024,21.313,0.310422,2.18,2.894,GALAXY
17.612,18.564,19.057,18.999,18.996,0.253215,2.112,2.558,GALAXY
18.019,18.445,18.879,18.997,19.225,1.425199,1.203,0.836,QSO
18.354,18.719,18.852,18.952,18.912,0.00161,0.378,0.263,STAR
20.488,20.341,21.318,21.331,21.448,0.271121,3.499,2.462,GALAXY
18.905,19.228,19.596,19.767,19.864,0.000682,0.468,0.617,STAR
19.853,20.316,20.972,21.095,21.327,0.503889,1.265,1.772,GALAXY
15.933,16.269,16.702,16.966,17.233,0.07522,3.11,4.195,GALAXY
21.691,22.029,22.305,22.639,22.902,-0.021904,2.611,3.65,GALAXY
19.922,20.132,20.322,20.22,20.235,0.286451,2.652,3.278,GALAXY
17.174,17.488,17.764,18.08,18.23,0.000989,0.459,0.425,STAR
16.648,17.218,17.235,17.394,17.63,0.001655,0.451,0.464,STAR
19.897,20.591,20.815,20.896,21.07,0.001474,0.486,0.519,STAR
17.101,17.342,17.661,17.94,18.131,0.000948,0.516,0.49,STAR
19.308,19.976,20.681,20.993,21.275,0.755779,2.395,2.345,GALAXY
18.264,19.01,19.519,19.8,20.013,0.376539,1.969,2.426,GALAXY
